,EPI,Country,Region,Population,GDP,Health,Air Quality,PM2.5,Household solid fuels,Ozone,Sanitation & Drinking Water,Unsafe Sanitation,Unsafe Drinking water,Heavy Metals,Lead,Waste Management,Solid waste,Ecosystem Vitality,Biodiversity,Terrestrial biomes national,Terrestrial biomes global,Marine protected areas,Protected Areas Rep. Ind.,Species Habitat Index,Species Protection Index,Biodiversity Habitat Index,Ecosystem Services,Tree cover loss,Grassland loss,Wetland loss,Fisheries,Fish Stock Status,Marine Trophic Index,Fish caught by trawling,Climate Change,CO2 growth rate,CH4 growth rate,F-gas growth rate,N2O growth rate,Black Carbon growth rate,CO2 from land cover,GHG intensity trend,GHG per capita,Pollution Emissions,SO2 growth rate,NOx growth rate,Agriculture,Sustainable N Mgmt Index,Water Resources,Wastewater treatment
46,82.5,Denmark,Global West,5831404,356084867686,91.7,85.5,78.8,100.0,43.1,97.4,100.0,95.7,100.0,100.0,99.8,99.8,76.4,81.7,85.9,85.9,100.0,34.9,93.4,100.0,44.5,30.2,26.2,72.7,60.6,13.2,5.1,30.2,2.8,95.0,100.0,100.0,100.0,69.7,100.0,61.9,82.8,31.8,100.0,100.0,100.0,73.0,73.0,100.0,100.0
99,82.3,Luxembourg,Global West,632275,73353132794,92.6,87.2,81.4,100.0,48.2,98.6,100.0,97.7,96.1,96.1,96.2,96.2,75.4,85.5,100.0,100.0,,64.6,,,48.5,34.3,30.7,100.0,,,,,,77.5,78.7,81.7,91.7,67.5,100.0,16.8,75.7,7.3,100.0,100.0,100.0,42.2,42.2,98.5,98.5
29,81.5,Switzerland,Global West,8636896,752248045730,95.0,90.6,87.8,100.0,46.4,100.0,100.0,100.0,95.0,95.0,99.0,99.0,72.5,63.0,44.7,53.3,,69.6,85.8,100.0,52.9,46.4,46.1,65.6,31.6,,,,,81.6,76.0,100.0,93.1,91.9,100.0,71.8,62.0,41.5,100.0,100.0,100.0,47.6,47.6,96.7,96.7
59,81.3,United Kingdom,Global West,67215293,2764197653965,91.7,84.7,75.4,100.0,64.5,100.0,100.0,100.0,94.6,94.6,92.9,92.9,74.3,88.0,98.4,97.9,100.0,50.7,92.1,100.0,44.7,28.3,24.0,72.8,60.6,8.8,13.1,,3.7,90.0,92.6,100.0,96.9,73.0,100.0,35.5,79.3,35.1,100.0,100.0,100.0,54.3,54.3,98.5,98.5
56,80.0,France,Global West,67391582,2630317731455,91.5,88.1,82.2,100.0,58.0,96.2,100.0,93.6,84.0,84.0,94.8,94.8,72.3,88.3,100.0,100.0,100.0,50.2,88.6,100.0,43.8,36.1,33.6,70.6,45.0,12.1,14.4,,9.4,81.9,79.5,100.0,93.9,69.5,100.0,61.3,56.7,36.7,100.0,100.0,100.0,65.2,65.2,88.0,88.0
8,79.6,Austria,Global West,8917205,433258467677,88.0,81.3,73.9,96.4,42.2,94.7,86.7,100.0,91.7,91.7,97.2,97.2,74.0,85.5,100.0,100.0,,63.7,84.7,81.2,54.7,35.6,32.5,69.9,57.3,,,,,71.3,62.8,100.0,87.8,66.9,100.0,76.7,42.7,23.0,100.0,100.0,100.0,68.0,68.0,94.0,94.0
54,78.9,Finland,Global West,5530719,269751312854,99.3,98.8,100.0,100.0,75.3,100.0,100.0,100.0,100.0,100.0,97.7,97.7,65.3,75.5,72.8,72.8,100.0,26.4,61.6,99.6,75.8,20.8,18.4,49.0,35.0,12.8,22.9,12.0,2.1,77.0,74.3,100.0,93.3,63.8,75.1,64.5,56.1,18.7,93.1,100.0,86.2,52.4,52.4,100.0,100.0
151,78.7,Sweden,Global West,10353442,541220059459,98.4,98.2,100.0,100.0,64.7,98.5,99.7,97.7,98.0,98.0,99.8,99.8,65.6,72.5,61.7,63.7,100.0,33.2,69.8,99.3,71.6,22.4,19.8,44.4,47.1,11.6,5.9,24.2,3.6,77.2,68.6,100.0,98.2,76.7,100.0,57.3,68.4,37.0,100.0,100.0,100.0,63.6,63.6,100.0,100.0
123,77.7,Norway,Global West,5379475,362522347110,98.5,97.9,100.0,100.0,58.7,100.0,100.0,100.0,94.0,94.0,97.6,97.6,63.8,71.5,81.6,83.0,43.8,47.7,92.7,86.7,71.3,32.1,30.5,56.0,38.0,9.8,11.9,,7.3,78.9,72.5,100.0,100.0,79.0,100.0,54.7,67.9,13.3,99.2,100.0,98.4,39.3,39.3,64.3,64.3
43,77.2,Germany,Global West,83240525,3846413928654,89.6,81.1,70.4,100.0,46.4,99.0,100.0,98.4,90.7,90.7,97.9,97.9,68.9,88.8,100.0,100.0,100.0,56.4,86.1,99.9,45.6,39.7,38.2,65.4,40.2,14.0,4.9,34.5,0.9,71.5,60.6,100.0,94.6,82.4,92.1,69.1,52.2,23.2,96.0,91.9,100.0,61.9,61.9,97.0,97.0
122,75.3,Netherlands,Global West,17441139,913865395790,91.0,82.4,72.8,100.0,47.5,100.0,100.0,100.0,95.1,95.1,100.0,100.0,64.8,83.7,99.8,93.5,100.0,39.0,78.0,94.1,39.3,42.8,40.6,82.7,41.5,13.1,8.3,28.6,0.7,65.8,57.8,100.0,100.0,14.0,85.1,64.1,40.9,17.0,100.0,100.0,100.0,40.0,40.0,100.0,100.0
84,75.1,Japan,Asia-Pacific,125836021,5057758958707,90.3,85.9,78.0,100.0,60.2,95.0,100.0,91.6,100.0,100.0,86.5,86.5,65.1,76.6,100.0,100.0,71.5,28.3,68.6,69.1,56.9,41.7,42.9,19.6,41.0,35.2,1.1,93.5,7.0,69.5,57.6,100.0,87.6,100.0,100.0,65.1,36.2,23.0,77.7,56.4,99.0,55.9,55.9,75.3,75.3
7,74.9,Australia,Global West,25687041,1327836171069,91.6,98.2,100.0,98.8,73.8,87.0,96.0,81.0,77.2,77.2,77.3,77.3,63.8,83.7,89.0,82.5,100.0,40.4,87.3,92.4,73.4,27.9,24.5,44.0,72.9,3.4,0.7,,6.5,70.4,66.7,85.8,90.9,70.1,56.9,89.3,62.5,0.0,90.3,92.4,88.2,49.2,49.2,92.7,92.7
51,74.3,Spain,Global West,47351567,1281484640044,86.8,80.2,83.3,81.3,37.7,96.8,100.0,94.6,71.3,71.3,89.0,89.0,66.0,87.6,100.0,100.0,100.0,46.7,90.1,98.1,40.8,24.4,21.9,56.9,35.5,17.9,7.3,36.0,9.3,71.2,64.4,86.1,100.0,63.8,100.0,45.4,53.3,35.5,100.0,100.0,100.0,36.2,36.2,91.5,91.5
11,73.3,Belgium,Global West,11555997,521861292587,86.0,80.7,69.8,100.0,45.7,93.6,94.6,92.9,67.4,67.4,97.6,97.6,64.8,87.4,100.0,100.0,100.0,56.2,74.4,100.0,43.8,32.5,29.0,73.7,53.9,9.0,,16.5,0.1,70.2,57.9,100.0,93.6,100.0,100.0,44.5,47.1,19.6,100.0,100.0,100.0,47.3,47.3,67.9,67.9
76,72.8,Ireland,Global West,4994724,425888950992,94.2,94.0,91.0,100.0,79.5,97.4,93.5,100.0,82.7,82.7,81.7,81.7,58.6,65.8,82.9,82.9,21.3,43.7,96.9,98.4,45.0,27.4,22.5,71.2,72.6,9.1,11.8,13.1,1.0,66.6,65.1,43.8,92.9,66.2,100.0,91.5,80.4,13.3,100.0,100.0,100.0,47.3,47.3,89.7,89.7
79,72.3,Iceland,Global West,366425,21718075725,98.1,98.1,100.0,100.0,62.1,100.0,100.0,100.0,96.1,96.1,84.8,84.8,55.0,63.2,75.8,75.8,3.6,47.8,100.0,92.8,81.3,100.0,,100.0,100.0,10.1,2.8,24.0,2.4,60.8,44.9,100.0,92.3,67.6,100.0,,34.4,8.4,44.4,11.6,77.3,18.5,18.5,15.6,15.6
150,72.0,Slovenia,Eastern Europe,2100126,53589609581,68.9,60.9,62.5,60.6,45.6,74.7,81.4,70.1,88.1,88.1,83.8,83.8,74.1,86.4,100.0,100.0,,55.8,84.0,100.0,51.0,37.1,31.9,68.8,100.0,,,,,75.2,70.9,100.0,91.4,79.2,66.4,46.6,58.4,28.2,90.0,100.0,80.0,47.0,47.0,89.1,89.1
125,71.3,New Zealand,Global West,5084300,210700848974,88.0,97.4,100.0,97.6,67.4,80.4,89.4,74.4,75.5,75.5,68.0,68.0,60.2,84.0,91.0,90.9,100.0,56.5,81.2,81.1,57.2,28.2,24.9,60.0,56.6,5.4,7.3,,3.0,61.5,51.4,85.7,89.5,65.4,78.1,61.5,51.5,5.5,87.4,100.0,74.7,57.5,57.5,79.9,79.9
28,71.0,Canada,Global West,38005238,1644037286481,91.7,94.8,94.8,100.0,53.0,88.0,83.9,90.8,96.6,96.6,84.7,84.7,57.3,60.5,62.8,67.5,27.0,28.8,81.2,98.2,82.4,30.1,26.7,60.2,61.7,11.0,5.1,20.8,6.5,65.7,59.9,84.4,91.6,58.3,78.2,62.0,50.6,2.7,100.0,100.0,100.0,67.3,67.3,67.4,67.4
81,71.0,Italy,Global West,59554023,1888709443687,85.5,75.9,68.5,90.4,41.2,98.2,99.2,97.6,81.5,81.5,83.7,83.7,61.3,75.6,100.0,100.0,45.9,41.1,89.1,94.9,39.4,37.9,35.8,71.7,41.9,14.9,0.6,38.0,4.7,68.1,60.0,91.2,91.4,75.7,78.8,41.2,53.3,36.6,81.4,87.8,75.0,56.8,56.8,58.8,58.8
42,71.0,Czech Republic,Eastern Europe,10698896,245349489988,68.3,58.8,49.1,74.5,40.7,76.4,93.5,65.0,76.4,76.4,89.5,89.5,72.9,85.7,100.0,100.0,,49.4,87.0,100.0,48.9,26.7,24.0,75.6,26.8,,,,,76.3,73.9,84.7,83.5,99.2,97.0,50.8,60.7,20.4,100.0,100.0,100.0,58.7,58.7,60.8,60.8
109,70.7,Malta,Global West,525285,14647384608,86.1,77.6,66.6,97.1,42.5,99.8,99.5,100.0,50.6,50.6,96.7,96.7,60.5,75.1,100.0,100.0,78.1,14.1,,,30.4,100.0,100.0,100.0,,12.2,16.7,7.8,,62.6,52.8,100.0,85.8,65.0,20.7,53.4,68.1,35.6,80.8,100.0,61.6,28.3,28.3,0.0,0.0
167,69.3,United States of America,Global West,329484123,20893746000000,82.8,84.2,78.8,98.0,34.3,86.1,81.4,89.2,75.9,75.9,48.3,48.3,60.3,67.5,53.8,61.6,100.0,15.8,83.9,86.3,58.2,26.8,23.2,59.3,59.0,6.6,8.9,,4.0,71.4,67.0,76.7,94.2,78.1,100.0,73.5,56.7,4.5,100.0,100.0,100.0,71.9,71.9,58.9,58.9
66,69.1,Greece,Eastern Europe,10715549,188835201626,80.6,67.5,57.6,84.0,43.4,98.2,95.5,100.0,69.4,69.4,83.0,83.0,61.4,72.6,100.0,100.0,40.5,32.1,89.7,86.0,37.2,43.9,42.8,62.9,44.1,15.7,4.5,29.5,12.7,66.5,58.5,88.6,90.3,82.5,80.7,67.5,28.8,27.4,78.9,85.8,72.1,52.6,52.6,81.7,81.7
149,68.3,Slovakia,Eastern Europe,5458827,105172564492,64.3,56.2,43.1,75.2,49.7,71.8,82.8,64.5,69.2,69.2,80.6,80.6,70.9,85.0,100.0,100.0,,46.2,86.4,100.0,47.3,32.1,26.3,68.1,100.0,,,,,71.9,69.0,79.5,87.5,100.0,61.6,48.5,64.2,30.5,100.0,100.0,100.0,68.8,68.8,43.7,43.7
133,67.0,Portugal,Global West,10305564,228539245045,83.4,84.4,86.4,85.8,51.6,83.4,80.3,85.5,65.3,65.3,90.2,90.2,56.1,73.0,100.0,100.0,41.1,42.0,72.8,94.1,38.6,7.4,2.0,70.5,41.5,33.1,1.6,45.6,55.2,63.3,57.9,91.1,67.4,83.0,94.2,45.3,6.1,28.1,93.5,100.0,87.0,22.3,22.3,55.0,55.0
90,66.5,South Korea,Asia-Pacific,51780579,1637895802793,81.4,71.7,53.8,100.0,41.7,90.7,100.0,84.4,89.4,89.4,96.7,96.7,56.6,62.6,88.2,88.2,17.2,16.0,78.6,90.1,54.2,32.2,32.8,11.3,42.1,12.6,23.0,11.6,1.5,62.6,45.5,100.0,100.0,81.5,100.0,36.5,44.8,15.9,100.0,100.0,100.0,51.7,51.7,76.8,76.8
80,65.8,Israel,Greater Middle East,9216900,407100736594,83.6,76.5,62.6,100.0,41.3,92.8,91.5,93.6,92.1,92.1,72.2,72.2,54.0,47.6,76.9,51.1,0.3,12.2,76.8,79.6,51.0,40.6,37.0,45.3,100.0,45.5,,45.5,,56.9,57.5,39.3,91.3,58.6,47.7,45.0,62.8,26.7,97.8,95.7,100.0,34.9,34.9,81.7,81.7
52,65.3,Estonia,Eastern Europe,1331057,30650285472,73.0,80.3,95.7,60.2,72.1,61.9,66.1,59.0,87.4,87.4,74.4,74.4,60.1,87.0,100.0,100.0,100.0,31.3,78.2,100.0,60.5,22.4,17.1,63.1,77.7,16.4,36.2,8.3,2.9,59.0,47.5,100.0,90.4,56.4,50.9,52.7,41.1,5.7,96.6,100.0,93.3,51.8,51.8,69.6,69.6
41,64.8,Cyprus,Eastern Europe,1207361,24612646488,81.5,73.1,58.8,97.7,34.2,93.9,97.5,91.6,69.4,69.4,77.5,77.5,53.7,56.5,100.0,100.0,0.5,14.6,,,36.4,38.6,37.7,54.9,38.8,20.2,10.4,30.0,,63.1,59.3,56.5,94.6,76.1,100.0,43.5,37.9,31.2,91.5,100.0,83.1,27.7,27.7,50.0,50.0
136,64.7,Romania,Eastern Europe,19286123,248715551367,50.0,43.6,41.1,44.7,63.0,55.9,56.8,55.3,51.4,51.4,65.8,65.8,74.4,85.0,96.3,97.6,100.0,34.7,84.9,98.2,44.2,40.9,38.4,60.5,66.6,54.5,,100.0,1.4,84.6,83.2,100.0,89.2,100.0,62.4,70.9,78.7,45.2,100.0,100.0,100.0,65.7,65.7,30.4,30.4
73,63.7,Hungary,Eastern Europe,9749763,155808436238,54.1,42.8,43.0,43.7,33.5,62.2,64.7,60.5,68.2,68.2,89.2,89.2,70.0,82.0,100.0,100.0,,30.8,88.5,100.0,37.1,28.2,24.7,76.1,43.4,,,,,71.3,66.4,100.0,89.8,23.2,94.2,56.3,52.5,35.8,96.9,93.8,100.0,73.1,73.1,53.8,53.8
71,63.1,Croatia,Eastern Europe,4047200,57203783203,61.2,50.8,46.4,58.3,39.0,70.2,80.8,63.1,75.1,75.1,80.0,80.0,64.3,82.6,100.0,100.0,74.9,44.5,88.9,100.0,42.6,40.3,39.0,49.3,55.6,11.8,21.8,3.3,10.1,70.0,59.4,93.2,93.4,100.0,80.7,62.0,49.7,38.9,90.8,100.0,81.7,65.4,65.4,51.7,51.7
98,62.9,Lithuania,Eastern Europe,2794700,56546957475,63.2,62.7,60.5,64.7,70.5,58.3,59.9,57.2,83.9,83.9,87.8,87.8,62.7,87.5,99.4,99.4,100.0,33.7,90.7,100.0,53.2,24.6,21.4,64.4,41.9,14.5,,19.0,9.2,65.9,55.2,100.0,80.4,93.6,72.1,51.9,45.2,24.9,96.6,97.3,95.9,64.1,64.1,51.4,51.4
100,61.6,Latvia,Eastern Europe,1901548,33707320816,58.0,54.8,53.2,55.2,69.8,59.0,61.1,57.5,78.4,78.4,61.4,61.4,64.0,86.7,100.0,100.0,100.0,31.9,75.9,100.0,59.4,21.4,18.2,43.2,58.2,7.3,3.5,14.4,3.5,67.7,65.8,70.9,90.2,48.7,96.7,62.5,41.7,35.3,94.8,100.0,89.7,62.8,62.8,90.7,90.7
132,60.9,Poland,Eastern Europe,37950802,596624355720,58.9,44.7,40.7,49.7,48.7,71.7,80.9,65.6,65.3,65.3,91.1,91.1,62.3,89.0,100.0,100.0,100.0,48.3,92.5,100.0,48.9,27.1,23.9,65.8,45.7,8.0,2.6,17.3,3.4,65.4,61.0,72.4,86.1,83.7,66.2,55.5,59.9,20.6,89.6,100.0,79.3,57.4,57.4,60.9,60.9
153,58.2,Seychelles,Sub-Saharan Africa,98462,1059886364,50.8,53.6,39.2,72.3,62.4,51.4,60.1,45.7,68.6,68.6,0.0,0.0,63.1,78.9,100.0,100.0,100.0,7.5,,,23.6,84.3,83.5,100.0,,18.1,8.9,27.2,,70.7,83.7,19.6,,46.4,93.3,,95.8,43.5,86.3,96.1,76.5,8.8,8.8,1.6,1.6
142,58.1,Singapore,Asia-Pacific,5685807,339998477930,85.0,76.9,61.8,100.0,57.4,93.2,100.0,88.7,85.4,85.4,99.6,99.6,40.2,20.9,29.2,29.2,0.0,5.0,,,45.1,18.4,18.4,,,71.4,,46.8,100.0,40.2,28.7,40.3,91.3,100.0,31.5,24.7,34.6,11.9,79.5,100.0,59.0,19.7,19.7,100.0,100.0
15,57.0,Bulgaria,Eastern Europe,6934015,69889347433,50.3,33.0,28.2,38.2,45.7,68.3,84.0,57.8,45.8,45.8,83.6,83.6,61.5,77.7,100.0,100.0,55.8,37.0,83.6,100.0,44.8,41.4,41.0,51.8,38.9,12.9,,16.6,8.7,69.5,60.2,100.0,82.2,58.2,100.0,77.4,50.3,29.8,100.0,100.0,100.0,63.6,63.6,13.9,13.9
3,55.6,United Arab Emirates,Greater Middle East,9890400,358868765175,55.2,48.6,13.9,100.0,18.8,67.2,90.5,51.6,54.3,54.3,26.8,26.8,55.9,80.9,90.4,90.4,100.0,8.9,81.3,80.3,76.8,100.0,,100.0,100.0,14.5,13.5,15.6,,38.9,26.5,52.7,92.6,41.7,74.4,15.0,19.8,0.0,83.4,100.0,66.7,13.7,13.7,76.8,76.8
107,55.4,North Macedonia,Eastern Europe,2072531,12263710123,43.6,26.5,18.3,34.5,53.6,61.1,65.4,58.1,46.7,46.7,72.1,72.1,63.2,62.1,51.4,70.5,,36.6,76.4,93.3,46.5,42.3,42.0,70.5,19.9,,,,,75.2,81.0,56.1,95.4,70.6,58.9,67.6,68.5,44.3,100.0,100.0,100.0,40.9,40.9,0.9,0.9
30,55.3,Chile,Latin America & Caribbean,19116209,252940023046,63.4,56.1,53.0,59.5,62.1,68.1,70.1,66.7,97.8,97.8,65.7,65.7,49.8,65.3,61.2,44.6,100.0,31.9,88.3,53.1,68.4,27.5,25.2,55.7,41.9,16.6,5.9,19.2,26.1,54.3,43.5,79.8,77.9,100.0,20.0,54.9,46.2,39.2,34.6,50.5,18.7,40.2,40.2,71.9,71.9
146,55.2,Serbia,Eastern Europe,6908224,53335016425,47.8,33.6,28.1,38.7,53.4,65.5,73.3,60.3,51.1,51.1,44.7,44.7,60.2,57.4,50.3,50.3,,31.4,86.7,96.8,42.8,45.8,44.5,58.8,56.6,,,,,68.1,57.2,99.8,89.8,96.0,89.5,41.9,34.9,23.1,89.0,78.8,99.2,69.9,69.9,1.7,1.7
24,54.8,Brunei Darussalam,Asia-Pacific,437483,12005825770,74.0,68.4,63.4,75.8,65.0,85.6,94.3,79.7,68.4,68.4,42.5,42.5,42.0,59.2,100.0,100.0,1.2,12.7,,,58.8,34.4,34.4,,,9.3,,12.6,5.5,50.9,44.0,75.7,89.4,55.8,35.1,54.8,11.1,0.0,41.8,9.5,74.0,0.0,0.0,6.0,6.0
91,53.6,Kuwait,Greater Middle East,4270563,105960225688,57.3,55.0,24.2,98.7,44.1,67.4,82.9,57.0,56.8,56.8,0.0,0.0,51.2,66.0,98.4,98.4,1.2,9.2,91.6,92.9,70.2,48.4,,,48.4,14.9,,14.9,,49.7,48.1,60.8,91.5,33.8,7.3,,33.2,0.0,81.7,91.1,72.2,44.9,44.9,43.1,43.1
83,53.4,Jordan,Greater Middle East,10203140,43697659296,58.6,58.0,29.1,100.0,40.4,62.6,75.2,54.2,46.7,46.7,43.1,43.1,49.9,32.2,13.4,10.6,,10.9,92.1,38.7,68.0,78.9,79.6,46.0,100.0,,,,,58.4,59.1,40.1,89.3,37.6,67.7,45.8,55.4,68.7,69.0,37.9,100.0,25.0,25.0,18.6,18.6
19,53.0,Belarus,Former Soviet States,9379952,60258239056,55.9,49.9,34.1,70.6,58.6,60.5,60.3,60.6,57.7,57.7,77.5,77.5,51.1,61.2,54.1,54.1,,27.5,91.3,99.2,55.1,27.9,24.1,68.8,54.9,,,,,53.1,57.7,54.8,89.6,0.0,15.7,62.6,26.4,19.0,80.4,100.0,60.8,45.9,45.9,7.2,7.2
36,52.9,Colombia,Latin America & Caribbean,50882884,271437596294,55.0,49.1,50.1,46.0,62.5,55.8,64.6,49.9,61.9,61.9,100.0,100.0,51.6,76.8,83.3,77.3,100.0,52.2,68.9,69.3,56.4,36.4,33.3,62.0,66.6,15.8,17.1,12.6,18.1,55.4,39.1,90.3,81.0,98.2,25.8,70.5,57.2,57.2,52.5,58.5,46.4,22.3,22.3,25.6,25.6
105,52.6,Mexico,Latin America & Caribbean,128932753,1073915880823,47.5,40.8,42.2,39.5,36.4,52.8,57.2,49.8,45.7,45.7,74.3,74.3,55.9,72.9,80.4,85.2,100.0,21.2,67.7,51.8,57.1,32.5,29.8,68.0,46.9,12.8,7.3,18.4,,65.2,59.5,69.0,100.0,53.2,81.3,61.9,57.9,39.3,71.4,65.5,77.2,38.8,38.8,31.6,31.6
39,52.5,Costa Rica,Latin America & Caribbean,5094114,61846895121,60.5,56.2,57.4,54.0,61.0,66.1,82.5,55.2,53.8,53.8,64.8,64.8,47.2,70.1,99.0,98.0,23.2,56.2,72.8,88.5,43.4,35.4,34.3,58.3,33.9,10.8,10.4,11.0,10.9,54.8,43.3,63.4,89.6,45.7,86.5,83.2,45.5,63.3,33.6,55.1,12.1,19.4,19.4,9.7,9.7
5,52.3,Armenia,Former Soviet States,2963234,12641209802,43.5,36.3,22.1,57.0,26.1,57.2,50.7,61.5,50.8,50.8,0.0,0.0,58.1,79.2,100.0,100.0,,19.0,92.4,74.5,48.0,81.5,82.4,45.8,100.0,,,,,46.7,39.3,54.7,89.4,0.0,57.6,97.3,23.0,60.3,46.8,50.6,43.0,57.6,57.6,8.8,8.8
4,52.2,Argentina,Latin America & Caribbean,45376763,389288056265,60.2,56.9,54.7,60.9,48.7,64.7,72.7,59.3,73.1,73.1,44.6,44.6,46.8,49.1,41.7,56.7,43.0,16.2,69.4,64.3,58.9,29.4,27.6,47.3,44.5,3.2,0.7,6.2,2.6,60.2,48.2,88.1,90.7,58.0,90.3,57.8,36.2,29.8,59.3,67.3,51.3,78.4,78.4,5.9,5.9
22,51.2,Brazil,Latin America & Caribbean,212559409,1444733258972,49.7,50.0,56.6,42.3,38.6,46.1,47.7,45.1,58.9,58.9,65.8,65.8,52.2,78.1,87.3,80.0,100.0,51.8,45.4,86.5,63.1,27.9,24.6,65.5,49.6,8.3,8.3,,,51.7,41.4,66.2,96.5,47.6,53.9,78.1,24.7,43.6,54.0,65.4,42.5,65.0,65.0,49.3,49.3
16,51.0,Bahrain,Greater Middle East,1701583,34729228723,49.2,41.2,16.5,77.4,23.1,56.6,66.6,49.9,58.7,58.7,60.4,60.4,52.2,18.9,14.7,14.7,10.3,2.0,,,69.7,100.0,,,100.0,0.0,,0.0,,67.1,73.0,27.1,95.7,56.1,100.0,,77.0,0.0,93.1,95.1,91.1,33.2,33.2,86.9,86.9
49,51.0,Ecuador,Latin America & Caribbean,17643060,98808010000,50.2,48.7,46.2,50.0,66.0,50.2,55.7,46.5,63.0,63.0,53.6,53.6,51.5,77.3,91.0,77.4,100.0,47.4,74.3,66.1,48.9,38.3,38.6,36.2,34.4,13.5,9.0,18.0,,60.2,45.7,97.4,89.7,82.0,34.7,55.5,56.1,55.9,28.4,25.2,31.6,29.2,29.2,0.0,0.0
137,50.5,Russia,Former Soviet States,144104080,1483497784868,53.0,54.1,46.9,63.7,56.2,55.4,55.1,55.7,72.2,72.2,3.2,3.2,48.8,54.1,52.9,56.4,18.0,22.5,89.5,94.9,79.4,28.6,26.3,55.1,43.0,4.3,3.8,6.6,2.2,59.9,56.9,59.8,86.0,52.7,100.0,53.9,36.2,9.2,81.0,75.7,86.3,60.5,60.5,18.5,18.5
165,49.5,Ukraine,Former Soviet States,44134693,155498989150,49.0,39.8,30.6,51.1,50.6,55.1,55.2,55.0,69.3,69.3,73.1,73.1,49.9,37.7,23.8,26.0,26.1,17.5,84.2,80.4,43.0,30.2,25.2,62.7,86.9,12.4,11.8,20.1,4.1,69.2,61.9,87.4,87.9,66.2,80.9,57.0,68.2,42.5,76.6,64.9,88.4,79.5,79.5,14.1,14.1
166,49.1,Uruguay,Latin America & Caribbean,3473727,53628827440,67.7,67.7,71.0,64.6,56.1,70.8,84.5,61.6,62.3,62.3,48.9,48.9,36.7,25.0,20.0,20.1,3.3,6.6,72.2,32.6,52.0,21.0,16.7,81.6,38.0,6.5,7.1,5.9,,55.5,48.7,87.3,73.9,73.4,3.3,23.7,64.7,21.0,36.4,54.7,18.1,71.4,71.4,2.1,2.1
2,49.0,Albania,Eastern Europe,2837743,14887629268,44.5,41.2,44.2,34.6,60.1,54.0,59.7,50.2,46.1,46.1,0.0,0.0,52.0,68.2,100.0,100.0,14.7,38.6,82.1,92.2,39.6,43.2,41.1,70.2,54.4,8.9,,16.2,0.4,56.8,41.2,79.2,89.4,61.9,100.0,78.4,36.4,58.3,100.0,100.0,100.0,37.6,37.6,2.7,2.7
6,48.5,Antigua and Barbuda,Latin America & Caribbean,97928,1370281481,55.5,57.5,44.6,69.8,100.0,50.0,57.5,45.0,60.5,60.5,75.1,75.1,43.8,55.7,90.3,87.3,1.2,53.8,,,34.0,38.8,35.4,39.8,100.0,5.0,1.4,8.6,,58.5,48.4,100.0,89.8,77.8,0.0,79.7,22.0,35.2,36.6,28.2,45.0,5.1,5.1,1.3,1.3
169,48.4,Saint Vincent and the Grenadines,Latin America & Caribbean,110947,807474074,44.1,42.6,32.1,50.0,100.0,43.5,47.4,41.0,34.7,34.7,72.8,72.8,51.3,47.6,68.4,63.7,2.1,70.2,,,42.6,56.5,57.2,100.0,0.0,18.5,,18.5,,70.2,67.2,88.3,89.4,70.8,36.2,60.0,50.4,68.5,38.9,38.6,39.2,35.4,35.4,0.8,0.8
40,48.4,Cuba,Latin America & Caribbean,11326616,107352000000,50.5,53.9,47.1,63.1,56.3,49.6,55.2,45.9,48.3,48.3,25.9,25.9,47.0,51.1,58.9,69.3,15.1,33.5,95.7,45.0,50.1,25.2,21.3,65.5,55.2,10.0,2.9,17.2,,64.2,49.0,93.0,89.5,69.5,100.0,93.5,46.1,48.4,76.1,62.5,89.6,21.4,21.4,3.6,3.6
82,48.2,Jamaica,Latin America & Caribbean,2961161,13812425037,45.5,43.6,43.7,42.7,49.5,49.3,52.4,47.2,48.9,48.9,31.7,31.7,50.0,58.2,84.7,96.6,1.5,39.3,53.5,80.7,42.8,35.2,34.4,49.2,35.9,4.7,0.7,8.7,,65.7,60.1,70.1,89.7,79.7,83.3,56.9,42.8,59.3,78.6,76.2,80.9,22.4,22.4,3.0,3.0
77,48.0,Iran,Greater Middle East,83992953,203471303952,48.3,49.2,26.5,82.8,29.4,53.6,60.9,48.7,27.4,27.4,19.0,19.0,47.8,38.4,40.9,35.2,1.2,8.5,95.8,62.6,62.8,88.8,93.2,52.1,45.4,13.8,10.3,20.8,9.6,55.0,42.3,51.5,100.0,67.3,72.8,87.2,86.1,21.8,80.8,99.6,62.0,33.8,33.8,3.7,3.7
117,47.9,Malaysia,Asia-Pacific,32365998,337006066373,55.4,50.3,36.5,70.7,40.1,57.6,71.8,48.1,62.1,62.1,81.4,81.4,42.9,55.1,100.0,100.0,8.6,14.6,0.0,61.7,57.1,12.8,12.7,14.8,,8.6,11.1,,5.7,52.8,40.1,63.7,89.3,100.0,52.7,49.0,55.8,23.7,41.2,43.3,39.0,63.4,63.4,12.4,12.4
160,47.5,Trinidad and Tobago,Latin America & Caribbean,1399491,21588037505,54.6,57.2,30.1,89.6,96.0,53.4,60.9,48.3,82.0,82.0,10.4,10.4,42.9,67.8,99.4,98.8,0.4,92.2,,,52.6,35.9,36.4,31.5,30.3,11.8,9.8,18.3,6.7,42.1,51.7,3.6,,45.6,85.9,72.0,10.8,0.0,77.9,100.0,55.7,5.2,5.2,3.2,3.2
128,47.3,Panama,Latin America & Caribbean,4314768,53977036995,50.4,56.0,61.7,47.3,62.7,43.5,46.5,41.6,57.5,57.5,42.0,42.0,45.2,60.4,92.7,75.3,9.3,44.8,80.3,78.9,45.8,33.1,33.0,45.1,24.2,9.1,6.2,11.9,,50.3,36.0,88.7,,71.7,32.2,73.6,72.9,56.6,66.1,72.4,59.9,25.6,25.6,23.1,23.1
161,46.7,Tunisia,Greater Middle East,11818618,41620349986,49.2,48.7,26.2,81.1,36.3,52.6,58.0,48.9,36.5,36.5,39.6,39.6,45.0,37.1,32.0,37.1,9.9,4.1,90.9,59.3,58.4,22.5,16.0,61.8,100.0,18.3,24.6,11.9,,60.2,59.0,69.6,,67.7,76.5,0.0,51.4,61.0,84.2,91.0,77.3,24.3,24.3,43.0,43.0
9,46.5,Azerbaijan,Former Soviet States,10093121,42607176471,32.7,24.9,12.7,40.7,33.1,45.5,44.3,46.4,41.0,41.0,0.0,0.0,55.7,56.9,50.7,62.2,,11.7,96.0,77.3,44.4,80.5,80.2,65.2,100.0,,,,,48.6,42.4,43.8,88.9,60.9,37.4,100.0,27.7,40.3,100.0,100.0,100.0,64.3,64.3,3.8,3.8
134,46.4,Paraguay,Latin America & Caribbean,7132530,35670301496,46.8,47.0,59.0,30.5,46.8,47.5,51.1,45.1,51.2,51.2,35.0,35.0,46.2,62.8,82.9,84.1,,19.9,0.0,85.4,63.4,20.2,16.6,54.8,49.3,,,,,40.9,38.8,36.5,,27.8,81.0,48.6,45.8,42.5,70.5,98.3,42.8,77.9,77.9,0.7,0.7
111,46.3,Montenegro,Eastern Europe,621306,4769860741,46.7,33.9,31.2,34.8,55.2,65.6,78.9,56.7,65.2,65.2,5.3,5.3,46.1,36.6,46.8,48.4,0.6,45.1,75.8,5.5,48.2,44.3,41.2,44.9,100.0,6.6,,9.1,3.7,65.6,54.5,90.7,89.8,83.6,100.0,43.7,37.0,34.2,85.2,88.1,82.4,19.2,19.2,8.4,8.4
47,46.3,Dominican Republic,Latin America & Caribbean,10847904,78844702329,36.1,37.4,34.8,37.8,63.3,38.9,44.7,35.1,30.0,30.0,5.7,5.7,53.2,81.6,91.5,99.0,100.0,39.6,64.6,87.2,44.1,26.6,23.7,63.4,43.0,21.8,27.4,16.3,,56.1,50.1,59.6,,59.8,91.0,60.6,69.2,59.1,79.3,85.7,72.9,24.2,24.2,5.8,5.8
58,45.8,Gabon,Sub-Saharan Africa,2225728,15316826192,27.9,28.2,16.1,42.2,49.5,27.6,28.4,27.1,54.1,54.1,0.0,0.0,57.8,86.0,89.9,95.2,100.0,30.7,96.6,90.6,71.5,44.7,44.7,42.8,45.2,7.3,5.5,9.1,,63.8,49.6,100.0,89.8,52.7,52.9,42.7,100.0,49.3,90.2,91.0,89.4,20.6,20.6,0.0,0.0
23,45.6,Barbados,Latin America & Caribbean,287371,4418000000,60.7,66.0,40.7,96.5,100.0,51.9,58.3,47.6,70.4,70.4,67.2,67.2,35.6,12.6,2.8,2.8,0.1,50.4,,,39.2,37.1,39.5,21.9,9.6,18.4,3.8,32.9,,59.1,64.3,63.0,,67.9,8.2,35.3,49.6,45.7,53.3,29.2,77.3,11.9,11.9,1.1,1.1
18,45.4,Bosnia and Herzegovina,Eastern Europe,3280815,19946496563,43.9,31.6,29.3,33.5,40.8,61.4,67.8,57.1,42.9,42.9,27.9,27.9,46.4,32.9,8.1,13.0,,41.8,88.3,41.5,49.0,53.4,54.3,47.3,43.0,,,,,57.5,52.9,69.5,90.6,24.8,75.7,62.6,32.8,28.6,78.1,64.8,91.3,25.1,25.1,1.1,1.1
93,45.4,Lebanon,Greater Middle East,6825442,31735217785,53.1,47.8,25.0,80.3,38.7,59.7,79.4,46.6,43.6,43.6,61.4,61.4,40.3,21.8,15.1,15.1,0.0,13.5,84.6,25.7,34.2,36.6,33.1,100.0,,14.2,,14.2,,56.8,63.4,36.0,,34.0,58.0,61.2,63.7,63.9,67.1,63.1,71.1,34.1,34.1,38.2,38.2
156,45.4,Thailand,Asia-Pacific,69799978,501643653515,48.4,40.6,41.1,40.1,39.8,55.8,75.8,42.5,81.6,81.6,32.9,32.9,43.5,53.0,76.7,59.1,16.9,21.8,69.9,84.1,48.2,24.3,23.3,38.7,28.3,11.1,3.3,23.7,5.5,52.5,38.2,85.4,94.4,65.7,42.6,35.5,40.4,37.7,78.7,100.0,57.4,33.1,33.1,2.0,2.0
148,45.2,Suriname,Latin America & Caribbean,586634,2884248048,36.6,37.4,30.3,39.3,99.5,39.3,45.4,35.3,43.2,43.2,0.0,0.0,50.9,63.6,57.5,84.4,0.0,98.0,91.9,84.3,78.1,51.3,47.1,100.0,77.5,16.8,8.8,24.8,,52.8,45.2,56.0,100.0,65.7,68.7,22.1,25.6,41.6,82.4,70.1,94.6,59.4,59.4,0.0,0.0
159,45.1,Tonga,Asia-Pacific,105697,488829964,43.6,39.5,49.6,24.3,50.5,46.4,52.0,42.7,78.8,78.8,27.2,27.2,46.0,37.3,58.3,58.3,0.5,5.0,,,59.2,,,,,44.7,6.3,58.6,73.5,56.6,45.7,74.4,,100.0,87.5,,42.6,69.9,65.5,100.0,31.0,34.1,34.1,0.3,0.3
115,45.1,Mauritius,Sub-Saharan Africa,1265740,10920606198,60.0,51.1,37.8,63.3,100.0,65.5,68.5,63.4,66.8,66.8,98.0,98.0,35.3,19.3,27.8,27.8,0.0,10.9,,,32.7,49.5,43.9,100.0,100.0,15.0,4.6,25.4,,51.0,43.2,47.4,88.6,39.9,97.3,34.1,43.5,52.4,49.2,50.9,47.5,20.0,20.0,2.5,2.5
48,44.8,Algeria,Greater Middle East,43851043,145009181491,50.4,45.3,21.9,78.9,33.2,53.2,59.6,49.0,38.9,38.9,91.6,91.6,41.0,39.0,43.2,45.9,0.6,7.1,80.7,47.3,75.4,24.0,17.3,69.2,100.0,8.1,1.9,14.3,,52.5,36.6,100.0,90.7,28.4,61.0,28.7,41.0,44.6,61.7,100.0,23.5,44.8,44.8,33.1,33.1
85,44.7,Kazakhstan,Former Soviet States,18754440,171082379533,40.8,32.0,26.6,40.7,22.0,55.1,54.0,55.8,52.8,52.8,2.2,2.2,47.3,41.6,18.7,24.2,,4.4,97.2,80.3,64.8,68.4,69.5,49.9,67.7,,,,,44.6,47.0,0.0,91.8,54.6,37.6,100.0,47.7,2.1,75.2,100.0,50.4,45.6,45.6,28.6,28.6
45,44.6,Dominica,Latin America & Caribbean,71991,504214815,46.8,44.2,38.0,45.7,100.0,47.5,53.7,43.3,52.8,52.8,62.4,62.4,43.1,56.3,80.2,85.0,0.4,75.2,,,44.3,5.3,0.0,100.0,,31.0,,31.0,,55.1,51.9,74.5,,61.2,42.5,82.5,20.6,63.5,47.3,42.3,52.3,17.8,17.8,1.0,1.0
102,44.4,Moldova,Former Soviet States,2620495,11915547263,45.6,44.3,41.7,46.8,53.4,50.0,48.9,50.6,54.7,54.7,13.8,13.8,43.6,27.9,20.9,22.1,,14.5,80.6,2.5,40.2,45.8,39.8,100.0,100.0,,,,,52.2,43.0,82.3,86.9,0.0,54.3,36.9,43.4,67.4,76.1,52.2,100.0,50.8,50.8,9.0,9.0
168,44.3,Uzbekistan,Former Soviet States,34232050,59929951114,29.7,15.0,0.3,32.8,34.5,52.0,49.2,53.8,27.8,27.8,0.0,0.0,54.1,37.6,19.2,35.0,,1.7,75.2,49.2,65.9,70.4,72.2,52.2,56.0,,,,,65.9,67.9,44.0,78.7,21.2,97.2,91.6,97.1,43.2,70.9,68.5,73.2,47.5,47.5,0.0,0.0
21,44.3,Bolivia,Latin America & Caribbean,11673029,36572764863,35.9,32.4,34.5,28.4,39.8,40.0,42.5,38.3,43.7,43.7,31.1,31.1,49.8,83.6,97.1,96.7,,50.5,75.0,90.3,65.8,30.0,28.2,47.6,43.6,,,,,40.0,29.6,48.6,91.3,56.5,2.7,58.2,45.2,26.3,26.4,38.1,14.6,68.9,68.9,3.5,3.5
139,44.0,Saudi Arabia,Greater Middle East,34813867,700117873253,47.2,37.4,10.0,76.2,29.0,59.3,71.9,50.9,35.4,35.4,61.4,61.4,41.8,38.8,28.0,28.0,20.7,6.0,97.5,56.6,74.2,96.9,100.0,38.5,100.0,18.5,12.3,24.7,,37.5,32.8,44.8,90.9,35.2,6.3,0.0,30.7,0.0,34.7,32.2,37.1,64.3,64.3,11.8,11.8
129,44.0,Peru,Latin America & Caribbean,32971846,202014363787,45.1,46.0,47.6,40.4,72.9,43.0,43.7,42.6,68.2,68.2,30.0,30.0,43.2,59.5,85.6,81.7,1.6,56.7,74.7,67.9,58.1,37.0,35.6,55.5,43.0,18.7,25.1,8.1,23.6,41.3,27.9,58.1,89.7,60.3,16.6,36.0,41.4,59.4,41.0,69.1,12.9,37.1,37.1,46.4,46.4
17,43.5,Bahamas,Latin America & Caribbean,393248,9907500000,53.1,55.6,46.0,67.5,66.6,55.0,65.8,47.7,67.1,67.1,0.0,0.0,37.0,78.8,100.0,100.0,71.3,51.7,99.4,32.5,62.3,31.6,25.4,98.0,76.1,9.9,9.4,10.4,,28.7,24.1,56.9,,44.0,0.0,42.9,0.0,29.9,18.0,18.7,17.4,14.0,14.0,1.4,1.4
50,43.3,Egypt,Greater Middle East,102334403,365252651279,33.8,35.3,0.0,85.0,24.9,36.6,36.7,36.6,13.5,13.5,16.3,16.3,49.7,50.6,75.4,42.4,10.3,10.6,97.0,65.1,77.1,62.5,61.1,100.0,50.6,12.1,9.5,14.7,,55.0,52.9,54.9,93.1,55.8,18.0,21.0,53.4,60.4,56.3,54.3,58.4,53.0,53.0,42.0,42.0
145,43.1,El Salvador,Latin America & Caribbean,6486201,24638720000,42.5,42.6,44.8,38.6,49.6,41.6,43.1,40.6,35.5,35.5,55.5,55.5,43.5,35.8,41.3,43.8,2.7,27.9,84.2,26.2,44.7,33.5,32.7,42.9,38.6,5.5,0.0,10.9,,62.8,40.4,100.0,89.3,100.0,100.0,96.8,45.2,76.8,86.3,100.0,72.6,23.9,23.9,0.1,0.1
95,43.1,Saint Lucia,Latin America & Caribbean,183629,1616772741,47.8,46.3,36.1,53.7,100.0,45.4,50.3,42.1,51.8,51.8,77.5,77.5,40.0,36.9,59.6,29.5,1.8,66.6,,,46.8,50.7,47.9,,100.0,16.2,,16.2,,54.8,50.7,68.3,95.3,22.1,30.2,70.0,26.5,60.5,36.7,36.9,36.5,6.4,6.4,0.9,0.9
67,43.1,Grenada,Latin America & Caribbean,112519,1042100556,46.3,42.9,31.3,54.2,79.8,47.0,51.2,44.2,41.9,41.9,78.8,78.8,40.9,31.5,51.2,18.7,1.0,67.1,,,42.9,43.6,40.2,49.5,100.0,15.8,,15.8,,59.0,57.8,54.7,94.2,28.3,32.3,100.0,49.7,63.4,40.0,35.9,44.1,28.9,28.9,0.9,0.9
173,43.1,South Africa,Sub-Saharan Africa,59308690,335442101366,31.1,28.9,22.7,36.2,38.5,24.6,26.7,23.2,58.8,58.8,77.0,77.0,51.0,63.2,41.9,45.2,100.0,24.4,95.1,79.4,58.7,20.6,17.1,58.3,45.8,7.8,7.8,,7.7,62.8,58.3,73.3,86.3,83.4,49.1,58.4,50.2,22.0,69.7,68.6,70.7,54.4,54.4,21.7,21.7
162,42.6,Turkey,Eastern Europe,84339067,719954821683,51.3,49.5,32.3,76.2,25.7,52.6,61.2,46.9,61.5,61.5,48.5,48.5,36.9,15.1,1.1,1.4,0.0,10.9,87.0,3.3,44.3,37.1,35.6,53.6,47.5,10.8,2.4,22.3,7.2,49.3,35.5,87.7,87.2,0.0,50.2,64.2,56.6,38.5,84.0,82.8,85.2,57.4,57.4,30.4,30.4
101,42.3,Morocco,Greater Middle East,36910558,114725065285,33.3,27.0,14.0,44.6,30.0,40.8,47.2,36.6,28.9,28.9,39.6,39.6,48.3,67.4,100.0,100.0,0.5,45.8,80.7,95.7,51.1,40.8,35.8,70.3,100.0,16.7,22.9,23.0,1.9,48.7,47.0,56.0,,50.1,37.6,36.7,50.2,69.9,80.5,97.0,64.0,38.9,38.9,5.4,5.4
20,41.9,Belize,Latin America & Caribbean,397621,1636280797,40.3,39.4,40.2,37.1,48.6,42.6,47.4,39.5,54.5,54.5,17.0,17.0,43.0,87.9,99.3,96.6,100.0,98.6,35.9,95.2,57.2,23.5,21.4,39.4,44.2,19.8,,19.8,,37.7,41.6,46.5,,0.0,11.1,42.9,17.7,63.2,11.4,22.7,0.0,19.9,19.9,0.6,0.6
60,41.3,Georgia,Former Soviet States,3714000,15846489611,38.7,31.1,31.9,29.3,37.5,51.6,50.9,52.2,49.9,49.9,0.0,0.0,43.1,46.2,53.7,53.7,0.0,28.8,95.4,75.8,47.4,78.0,81.5,51.6,41.6,4.4,,5.5,3.2,50.1,35.9,82.3,83.9,40.1,26.5,100.0,45.9,59.5,0.9,0.0,1.8,16.9,16.9,46.6,46.6
26,40.4,Botswana,Sub-Saharan Africa,2351625,15061922802,20.2,19.7,17.8,20.8,31.4,20.8,21.9,20.1,39.8,39.8,0.7,0.7,53.8,91.6,100.0,100.0,,70.7,96.0,93.4,72.5,66.1,68.9,49.5,34.0,,,,,37.9,10.7,100.0,,100.0,6.6,84.6,100.0,30.5,70.0,95.8,44.2,4.8,4.8,1.0,1.0
118,40.2,Namibia,Sub-Saharan Africa,2540916,10619194505,22.5,24.4,27.2,20.4,26.4,19.6,20.8,18.8,44.5,44.5,4.2,4.2,52.0,76.6,100.0,100.0,16.8,78.9,86.4,94.4,72.7,55.1,52.1,65.3,98.1,8.6,16.7,7.8,0.0,55.4,38.8,100.0,,100.0,15.4,94.3,87.0,42.5,68.2,57.1,79.4,11.5,11.5,6.2,6.2
87,39.8,Kyrgyzstan,Former Soviet States,6591600,7735976273,33.7,27.0,27.9,26.8,19.1,45.5,42.9,47.2,40.8,40.8,0.0,0.0,43.8,39.2,20.7,22.3,,20.6,93.4,55.1,58.7,91.1,93.6,47.1,,,,,,42.5,34.1,46.2,89.6,33.8,0.0,100.0,39.2,68.1,18.1,36.1,0.0,52.4,52.4,0.2,0.2
78,39.5,Iraq,Greater Middle East,40222503,166756984396,39.5,36.3,7.3,75.7,40.0,49.6,55.5,45.8,29.6,29.6,0.0,0.0,39.4,40.5,8.6,49.8,,2.7,98.1,37.2,69.5,91.8,96.3,49.4,54.9,,,,,31.6,8.0,56.0,100.0,62.0,34.5,53.5,33.0,37.0,14.1,7.2,21.1,37.4,37.4,19.5,19.5
25,39.3,Bhutan,Southern Asia,771612,2315437338,29.8,24.4,30.6,18.6,2.1,31.2,30.8,31.4,43.3,43.3,59.7,59.7,45.7,87.2,100.0,100.0,,50.7,96.6,98.3,52.3,60.2,56.4,88.1,100.0,,,,,24.7,0.0,80.0,,74.4,39.8,31.9,44.5,61.1,18.2,31.7,4.7,50.2,50.2,0.0,0.0
121,39.2,Nicaragua,Latin America & Caribbean,6624554,12621505383,40.2,41.7,53.5,24.1,51.4,42.8,43.9,42.0,34.5,34.5,11.4,11.4,38.6,59.6,93.1,93.9,7.5,68.4,0.0,89.5,48.9,20.1,15.7,54.9,64.1,12.3,11.7,12.9,,38.0,37.6,29.8,,22.2,52.1,60.5,43.8,65.2,80.2,96.5,64.0,24.1,24.1,0.0,0.0
96,39.0,Sri Lanka,Southern Asia,21919000,80676681934,42.1,37.8,44.8,27.3,44.0,48.4,51.1,46.6,72.4,72.4,4.4,4.4,36.9,61.1,90.7,98.2,0.7,41.6,72.8,70.9,46.1,37.8,34.1,40.7,100.0,11.3,12.0,14.8,6.3,31.0,1.6,100.0,,97.6,59.5,23.7,31.9,80.2,53.1,64.5,41.8,33.2,33.2,0.0,0.0
126,38.5,Oman,Greater Middle East,5106622,64648393044,43.4,36.4,11.7,70.8,32.7,58.3,76.2,46.3,37.0,37.0,0.0,0.0,35.2,28.2,15.1,14.0,0.4,3.5,99.4,42.6,77.2,67.0,,100.0,34.1,24.5,25.7,23.2,,32.0,26.2,46.4,89.6,6.1,0.0,0.0,27.0,2.7,60.0,100.0,19.9,50.6,50.6,13.4,13.4
130,38.4,Philippines,Asia-Pacific,109581085,361489325231,34.1,30.4,34.2,19.7,75.4,39.0,45.9,34.3,48.0,48.0,17.4,17.4,41.4,56.6,87.5,92.2,9.3,23.0,42.6,74.2,48.5,31.9,28.1,100.0,,12.3,8.5,10.2,19.1,42.8,21.5,65.9,95.0,54.7,66.4,42.9,52.1,74.1,68.4,84.8,51.9,44.1,44.1,0.7,0.7
13,38.3,Burkina Faso,Sub-Saharan Africa,20903278,17933606353,19.6,28.9,44.7,6.2,37.4,7.7,7.7,7.8,29.7,29.7,10.2,10.2,50.9,77.8,87.2,87.2,,35.1,85.6,99.6,53.0,95.5,100.0,65.7,43.9,,,,,31.9,21.6,37.2,,43.5,44.5,84.2,55.2,79.7,40.6,47.7,33.5,39.7,39.7,0.0,0.0
116,38.3,Malawi,Sub-Saharan Africa,19129955,12182348213,26.5,39.6,61.2,9.3,43.5,12.0,12.0,12.0,37.4,37.4,0.0,0.0,46.2,84.2,100.0,100.0,,41.1,92.8,89.2,50.7,22.8,20.2,37.9,54.5,,,,,34.2,37.3,14.8,,13.1,46.5,37.5,33.4,100.0,53.1,60.4,45.8,39.0,39.0,0.0,0.0
157,38.2,Tajikistan,Former Soviet States,9537642,8194150302,20.7,15.2,10.7,20.5,22.1,30.9,29.8,31.6,15.7,15.7,0.0,0.0,49.9,65.8,64.0,75.5,,27.1,93.3,69.4,58.0,97.6,100.0,52.0,100.0,,,,,36.9,21.2,29.8,100.0,27.9,34.4,100.0,59.8,86.5,29.8,28.3,31.4,45.5,45.5,2.2,2.2
65,38.1,Equatorial Guinea,Sub-Saharan Africa,1402985,10021856754,27.6,24.6,17.6,32.8,36.8,33.1,38.6,29.5,40.1,40.1,0.0,0.0,45.1,66.0,100.0,100.0,1.9,35.7,82.1,75.6,63.1,33.7,30.7,100.0,21.3,14.3,15.8,21.5,4.3,46.1,33.3,100.0,,74.0,76.3,3.7,0.0,24.7,76.4,77.8,74.9,28.1,28.1,1.2,1.2
74,37.8,Indonesia,Asia-Pacific,273523621,1058423838345,29.0,26.8,28.6,23.3,33.9,28.4,33.9,24.8,34.6,34.6,49.8,49.8,43.7,56.3,66.2,83.3,29.6,20.2,46.8,71.7,66.2,20.3,19.0,43.8,,11.9,11.9,16.3,6.7,54.4,52.1,30.2,100.0,51.0,57.1,41.2,67.6,58.5,40.4,68.3,12.6,51.8,51.8,0.0,0.0
70,37.8,Honduras,Latin America & Caribbean,9904608,23662231634,33.4,35.4,46.9,19.4,35.6,31.8,33.2,30.8,20.7,20.7,40.3,40.3,40.7,59.9,79.9,79.4,39.6,52.4,24.2,75.2,49.3,21.2,16.9,58.5,61.4,17.6,16.5,18.7,,43.1,37.7,62.8,,36.9,33.5,54.2,38.5,74.8,60.9,65.4,56.4,27.5,27.5,3.1,3.1
89,37.7,Kiribati,Asia-Pacific,119446,197508774,22.9,29.2,46.1,6.5,24.2,16.3,17.5,15.4,37.0,37.0,0.0,0.0,47.5,82.1,100.0,100.0,100.0,0.0,,,57.0,,,,,55.4,27.9,,87.4,32.2,21.3,53.2,,46.6,59.0,,16.3,95.4,49.9,80.1,19.8,26.5,26.5,0.0,0.0
147,37.6,Sao Tome and Principe,Sub-Saharan Africa,219161,472914470,28.7,24.6,30.8,16.0,25.8,35.2,37.1,34.0,45.0,45.0,0.0,0.0,43.6,58.4,100.0,100.0,0.0,29.6,,,37.2,100.0,100.0,,100.0,17.2,19.9,14.5,,35.0,27.3,32.9,,18.4,50.7,,97.4,95.8,47.1,56.4,37.9,18.2,18.2,0.3,0.3
31,37.3,China,Asia-Pacific,1410929362,14722730697890,41.8,27.1,23.4,33.0,20.3,59.4,61.1,58.2,37.6,37.6,51.8,51.8,34.4,19.0,4.6,8.5,1.6,20.2,72.2,10.4,57.6,34.3,32.6,56.1,43.7,18.0,19.8,28.9,3.3,46.3,38.7,39.3,88.9,57.2,38.0,35.7,77.3,27.7,58.6,75.8,41.5,49.5,49.5,9.4,9.4
172,37.3,Samoa,Asia-Pacific,198410,807100821,42.4,33.4,46.3,14.4,43.2,49.2,62.5,40.3,68.6,68.6,51.7,51.7,33.9,29.9,42.5,42.5,0.9,1.5,,,65.8,,,,,54.3,8.6,100.0,,35.0,30.8,48.7,,32.0,55.5,,5.9,67.3,44.0,58.5,29.6,27.7,27.7,0.3,0.3
135,37.1,Qatar,Greater Middle East,2881060,144411363345,56.9,48.6,13.0,100.0,28.5,66.5,81.0,56.8,59.2,59.2,60.2,60.2,23.9,41.3,63.4,63.4,0.0,3.1,76.5,2.8,76.4,0.0,,,0.0,6.4,,6.4,,12.1,11.1,0.0,,0.0,0.0,,90.8,0.0,64.4,93.2,35.6,26.6,26.6,70.0,70.0
175,37.0,Zimbabwe,Sub-Saharan Africa,14862927,18051170799,22.5,27.2,38.2,10.2,40.8,16.8,17.8,16.1,32.6,32.6,11.0,11.0,46.7,87.0,99.7,99.1,,54.1,91.2,94.8,58.0,23.1,20.8,47.8,39.0,,,,,37.0,10.2,90.2,,100.0,30.7,65.9,82.6,73.8,41.0,48.2,33.7,23.6,23.6,0.0,0.0
27,36.9,Central African Republic,Sub-Saharan Africa,4829764,2380087758,12.2,22.0,36.8,2.8,12.5,0.0,0.0,0.0,24.0,24.0,0.0,0.0,53.5,84.7,97.0,97.0,,34.1,98.5,91.7,65.5,50.7,48.6,95.9,42.7,,,,,45.4,38.6,72.0,,71.3,61.1,43.7,0.0,44.7,51.8,55.7,47.9,21.9,21.9,0.0,0.0
34,36.4,Dem. Rep. Congo,Sub-Saharan Africa,89561404,48716960860,22.4,29.9,45.4,9.8,21.7,13.5,13.9,13.2,36.1,36.1,3.5,3.5,45.7,73.3,80.6,79.8,,27.7,78.0,86.2,74.0,27.7,25.2,49.2,51.5,,,,,40.1,25.9,56.9,,73.2,42.1,38.7,82.0,100.0,47.8,45.4,50.2,31.7,31.7,0.0,0.0
69,35.9,Guyana,Latin America & Caribbean,786559,5471256595,33.5,31.9,20.6,39.1,100.0,35.3,39.4,32.5,24.9,24.9,44.2,44.2,37.5,51.0,48.9,56.5,0.0,78.2,94.5,57.8,69.2,52.3,50.6,85.8,49.7,7.7,7.3,8.0,,38.2,36.3,28.1,,70.6,45.7,44.1,44.4,42.7,28.6,23.4,33.8,40.2,40.2,0.0,0.0
164,35.6,Uganda,Sub-Saharan Africa,45741000,37600368181,25.7,32.6,48.0,11.3,33.7,17.6,17.5,17.6,41.9,41.9,4.9,4.9,42.2,81.4,95.2,95.3,,37.3,86.8,92.6,53.8,24.4,20.1,59.2,66.6,,,,,27.4,17.6,36.6,,39.6,40.0,23.9,51.6,93.3,44.4,46.0,42.9,38.7,38.7,0.4,0.4
104,35.6,Maldives,Southern Asia,540542,3742769967,48.0,51.2,61.3,40.6,24.4,47.8,53.3,44.1,55.4,55.4,9.6,9.6,27.4,6.5,2.4,2.4,0.5,10.4,,,31.4,78.2,77.0,100.0,,46.6,8.6,39.0,100.0,27.7,23.4,55.8,,1.2,0.0,,25.8,64.7,26.7,49.7,3.7,14.1,14.1,4.3,4.3
158,35.3,Timor-Leste,Asia-Pacific,1318442,1902156800,28.9,33.6,49.0,11.5,40.5,25.9,25.6,26.1,34.3,34.3,0.0,0.0,39.5,64.5,94.6,94.6,0.0,23.8,99.4,95.4,47.6,43.8,40.7,100.0,,46.8,18.6,29.3,100.0,23.4,16.9,23.2,,37.0,66.4,58.3,0.0,67.2,64.7,88.3,41.1,34.9,34.9,0.3,0.3
92,34.8,Laos,Asia-Pacific,7275556,19132635712,27.2,27.8,41.3,9.4,26.0,26.5,27.3,26.0,34.7,34.7,18.7,18.7,39.9,69.7,93.6,96.8,,29.6,6.4,83.3,57.6,16.6,13.6,43.0,44.6,,,,,30.7,17.7,43.4,,36.4,68.8,16.4,76.1,77.3,21.3,40.3,2.4,69.2,69.2,0.0,0.0
140,34.8,Sudan,Greater Middle East,43849269,21329109522,20.8,17.6,14.8,19.7,30.6,22.3,22.0,22.5,7.1,7.1,53.8,53.8,44.1,46.6,11.6,12.7,100.0,9.1,95.1,46.6,66.8,59.9,61.8,45.0,39.3,9.1,6.4,11.7,,52.8,44.4,69.5,,60.5,87.7,48.3,47.0,67.7,64.8,65.4,64.3,24.7,24.7,0.0,0.0
86,34.7,Kenya,Sub-Saharan Africa,53771300,101013726529,25.7,34.9,49.9,13.9,39.2,13.6,13.7,13.6,50.6,50.6,5.5,5.5,40.6,53.5,69.9,67.5,4.0,26.2,85.3,84.1,56.5,31.1,27.8,53.2,68.9,8.6,5.2,12.1,,49.0,33.8,63.7,90.2,60.7,30.9,66.5,70.1,84.3,36.8,42.1,31.5,35.9,35.9,0.5,0.5
174,34.7,Zambia,Sub-Saharan Africa,18383956,18110631358,21.0,27.0,36.9,12.5,34.0,13.4,13.9,13.1,42.4,42.4,0.0,0.0,43.9,90.4,100.0,100.0,,68.6,91.8,96.7,65.8,31.1,27.6,61.6,63.8,,,,,26.5,0.3,51.5,89.6,50.4,33.1,24.2,61.6,70.5,22.5,0.0,45.1,36.6,36.6,4.2,4.2
53,34.4,Ethiopia,Sub-Saharan Africa,114963583,107645054312,25.2,38.0,58.4,10.5,33.5,10.9,10.6,11.2,35.8,35.8,0.0,0.0,40.6,72.2,82.8,76.5,,26.1,95.5,81.0,56.7,42.2,40.5,53.0,60.3,,,,,26.1,1.5,32.6,89.4,37.3,35.5,40.2,94.8,83.5,23.6,26.1,21.2,53.3,53.3,0.0,0.0
55,34.4,Fiji,Asia-Pacific,896444,4533883782,34.7,30.0,31.5,22.6,73.9,34.6,38.8,31.9,77.0,77.0,40.0,40.0,34.2,25.1,14.4,9.0,9.5,6.1,88.6,19.0,72.1,38.1,38.1,,,59.7,10.7,100.0,69.9,36.9,18.6,79.1,,65.3,67.7,53.9,31.4,61.2,53.2,100.0,6.5,11.1,11.1,3.9,3.9
113,33.9,Mozambique,Sub-Saharan Africa,31255435,14019446610,28.1,40.7,64.5,7.0,47.1,16.4,16.3,16.4,23.7,23.7,0.7,0.7,37.8,67.4,97.4,98.6,2.2,49.0,91.0,80.2,56.9,24.5,22.5,45.2,39.3,16.3,12.5,20.2,,31.1,0.0,61.6,88.0,88.6,46.1,43.8,62.1,86.6,54.1,74.9,33.3,34.4,34.4,0.2,0.2
138,33.8,Rwanda,Sub-Saharan Africa,12952209,10333991456,24.4,30.9,45.2,11.8,26.3,16.9,16.9,16.9,45.2,45.2,0.0,0.0,40.0,57.4,51.5,54.7,,29.5,94.0,76.0,47.3,28.4,26.3,36.7,57.9,,,,,35.9,14.2,50.6,89.4,41.0,51.9,34.1,71.5,100.0,50.5,52.8,48.2,39.4,39.4,0.0,0.0
152,33.8,Eswatini,Sub-Saharan Africa,1160164,3972728948,17.6,21.1,24.1,15.5,32.5,12.6,13.2,12.1,40.2,40.2,0.0,0.0,44.6,38.4,24.7,21.3,,34.8,76.2,59.3,45.0,24.0,21.0,72.6,29.8,,,,,56.9,41.9,100.0,,71.6,62.6,90.2,50.2,69.7,60.5,68.6,52.3,41.1,41.1,5.7,5.7
88,33.6,Cambodia,Asia-Pacific,16718971,25808561551,30.5,30.1,43.2,11.2,37.4,34.2,35.8,33.2,35.0,35.0,0.0,0.0,35.6,60.1,100.0,100.0,0.0,31.0,26.4,94.2,49.1,19.0,13.8,51.0,80.8,11.3,5.2,18.6,9.9,30.9,11.7,77.3,,72.9,0.0,12.6,79.2,73.8,45.4,41.4,49.4,59.0,59.0,0.0,0.0
33,33.6,Cameroon,Sub-Saharan Africa,26545864,40804449726,13.6,16.4,16.4,14.7,29.6,7.7,8.3,7.4,36.1,36.1,10.2,10.2,46.9,48.6,57.5,68.0,0.0,27.4,85.3,59.4,63.1,31.5,30.3,47.8,35.8,10.5,,8.8,12.5,66.4,50.5,100.0,100.0,62.4,77.3,25.9,79.7,80.7,39.8,39.1,40.4,40.4,40.4,0.0,0.0
170,33.4,Viet Nam,Asia-Pacific,97338583,271158442449,40.6,32.0,36.6,24.9,38.7,52.7,55.7,50.7,47.8,47.8,22.8,22.8,28.5,33.3,43.9,28.0,3.8,25.0,39.4,66.6,50.8,16.4,14.1,39.7,35.5,14.6,35.3,4.6,2.1,30.7,20.6,54.4,,36.8,46.3,8.1,45.6,59.0,45.7,51.5,40.0,50.3,50.3,0.3,0.3
127,33.1,Pakistan,Southern Asia,220892331,262610002939,14.6,9.9,8.5,12.9,1.3,17.4,20.9,15.1,23.0,23.0,31.1,31.1,45.3,46.1,62.0,55.1,6.9,9.4,85.6,62.0,56.2,80.9,83.7,56.2,54.4,7.6,6.2,9.1,,50.6,42.7,40.3,95.9,45.1,57.4,92.2,45.1,73.9,58.8,60.9,56.7,35.1,35.1,0.1,0.1
57,33.0,Micronesia,Asia-Pacific,115021,410083600,30.8,29.0,31.0,17.4,100.0,35.5,39.4,32.9,41.5,41.5,0.0,0.0,34.5,6.9,0.0,0.0,0.1,3.0,,,51.7,100.0,100.0,,,32.7,0.0,,70.8,39.0,31.9,57.3,,45.7,77.8,,0.0,72.0,58.8,92.5,25.0,19.4,19.4,0.1,0.1
38,32.8,Cabo Verde,Sub-Saharan Africa,555988,1703698677,30.4,26.5,21.4,30.3,50.9,35.5,37.2,34.4,59.5,59.5,0.0,0.0,34.5,14.3,16.9,16.9,0.0,2.1,,,45.2,93.7,,87.4,100.0,20.7,10.6,30.8,,39.5,30.6,54.7,,100.0,56.4,0.0,15.2,77.3,35.1,44.7,25.6,16.7,16.7,20.9,20.9
124,32.7,Nepal,Southern Asia,29136808,33657175561,21.0,14.6,16.3,14.1,0.0,27.0,29.0,25.7,27.2,27.2,30.5,30.5,40.5,62.6,76.3,45.7,,27.5,97.5,84.2,47.6,67.8,65.8,73.4,100.0,,,,,23.7,0.0,66.5,,32.9,65.8,81.1,45.0,85.5,44.4,39.2,49.5,45.8,45.8,0.0,0.0
131,32.4,Papua New Guinea,Asia-Pacific,8947027,24668899683,28.4,33.9,49.4,4.8,95.3,15.5,15.4,15.6,60.3,60.3,43.9,43.9,35.1,27.3,17.9,11.6,1.2,13.3,94.6,25.4,78.3,34.2,34.0,38.4,,13.1,3.1,5.8,33.3,47.6,27.6,74.2,90.1,68.7,49.8,37.4,68.0,79.0,58.2,75.2,41.1,31.3,31.3,0.0,0.0
112,32.2,Mongolia,Asia-Pacific,3278292,13312981595,27.6,17.4,11.2,22.8,42.1,43.1,42.3,43.7,33.2,33.2,0.0,0.0,35.3,73.1,77.1,73.9,,23.5,93.9,97.9,67.2,41.7,38.6,71.4,68.0,,,,,16.6,7.7,0.0,69.4,14.0,12.0,100.0,33.3,1.1,34.9,25.5,44.4,15.4,15.4,3.3,3.3
37,32.1,Comoros,Sub-Saharan Africa,869595,1235400352,27.3,37.7,54.7,11.5,60.1,15.2,15.0,15.3,47.1,47.1,0.0,0.0,35.3,36.3,60.0,60.0,0.2,14.1,,,35.6,35.7,32.1,100.0,,18.6,23.8,13.4,,41.7,35.3,25.0,89.5,59.8,53.5,0.0,28.8,100.0,44.5,47.4,41.6,37.3,37.3,0.1,0.1
68,31.8,Guatemala,Latin America & Caribbean,16858333,77604632171,30.8,34.3,41.2,21.7,59.2,28.2,29.9,27.1,30.6,30.6,16.6,16.6,32.5,41.3,76.6,50.2,0.2,53.4,0.0,56.8,49.4,19.5,18.0,39.6,26.7,15.4,15.0,15.9,,36.7,26.5,43.6,89.6,34.5,0.0,72.1,24.7,76.9,44.8,69.6,20.1,28.7,28.7,6.8,6.8
163,31.1,Tanzania,Sub-Saharan Africa,59734213,62409709111,27.4,35.8,53.0,10.6,47.8,18.4,18.6,18.2,43.6,43.6,0.0,0.0,33.5,70.7,99.4,98.9,9.6,67.3,83.7,86.3,53.9,28.3,25.7,47.0,56.9,13.0,13.9,12.1,,18.7,4.9,32.6,,37.5,28.6,39.9,57.6,81.6,40.1,58.3,21.9,44.0,44.0,1.4,1.4
120,31.0,Nigeria,Sub-Saharan Africa,206139587,432293776262,13.9,18.0,21.4,11.7,30.9,4.9,6.0,4.2,51.5,51.5,7.7,7.7,42.4,53.6,78.3,62.1,0.0,32.3,83.9,89.0,50.4,23.4,20.6,38.0,59.4,10.9,15.5,6.3,,50.8,36.1,84.4,89.8,33.5,37.1,28.0,61.5,80.9,66.3,73.6,59.0,39.0,39.0,0.2,0.2
35,30.8,Republic of Congo,Sub-Saharan Africa,5518092,10187122341,18.1,20.0,20.0,18.7,30.1,14.6,14.9,14.4,45.1,45.1,0.0,0.0,39.2,71.7,100.0,100.0,17.1,27.6,93.3,88.4,73.3,35.8,36.2,28.3,36.2,11.4,,11.4,,37.1,8.3,100.0,89.5,58.1,0.0,32.9,63.5,68.8,0.0,0.0,0.0,34.3,34.3,0.3,0.3
106,30.8,Marshall Islands,Asia-Pacific,59194,244462400,32.6,32.5,37.6,16.9,100.0,32.2,35.3,30.2,46.6,46.6,22.1,22.1,29.6,11.4,5.0,5.0,2.4,13.0,,,52.9,,,,,53.5,35.4,,74.5,39.6,35.1,55.9,,48.7,48.5,,9.1,64.5,50.6,100.0,1.1,1.7,1.7,0.0,0.0
119,30.8,Niger,Sub-Saharan Africa,24206636,13741378450,17.1,30.3,48.6,5.4,28.5,1.4,1.3,1.6,27.3,27.3,1.0,1.0,39.9,77.6,85.5,83.9,,25.6,89.8,92.6,73.8,97.7,100.0,53.1,100.0,,,,,12.5,2.0,23.3,,19.2,23.5,0.0,49.4,81.9,0.9,0.0,1.9,33.6,33.6,0.0,0.0
141,30.7,Senegal,Sub-Saharan Africa,16743930,24644234595,20.4,25.4,33.8,12.3,38.1,13.1,13.4,12.9,47.7,47.7,0.9,0.9,37.6,68.7,100.0,100.0,6.9,38.9,97.0,84.0,53.1,25.8,22.7,46.4,61.1,12.8,9.9,20.6,7.1,30.3,15.0,61.7,,63.3,8.0,70.3,46.8,82.4,49.5,52.9,46.2,38.6,38.6,0.5,0.5
12,30.0,Benin,Sub-Saharan Africa,12123198,15651545332,20.3,25.6,37.5,9.0,27.1,13.4,13.3,13.5,36.8,36.8,5.8,5.8,36.4,67.0,100.0,100.0,0.0,46.0,86.4,87.6,50.2,24.4,20.4,20.8,100.0,11.7,,11.7,,30.7,23.4,44.5,,44.4,11.9,50.4,37.2,85.7,33.4,43.5,23.3,42.7,42.7,0.0,0.0
1,29.7,Angola,Sub-Saharan Africa,32866268,58375976293,20.4,26.8,32.6,17.8,34.4,12.8,14.1,11.9,37.3,37.3,0.0,0.0,35.9,39.3,34.1,36.6,0.0,29.8,88.3,66.6,67.2,33.7,31.2,49.3,63.5,14.7,16.9,21.3,4.4,49.0,30.3,100.0,89.3,63.2,7.1,27.2,53.9,60.3,2.6,5.2,0.0,29.3,29.3,0.0,0.0
155,29.5,Togo,Sub-Saharan Africa,8278737,7574636979,16.4,24.1,33.7,10.7,26.8,5.1,5.6,4.8,43.7,43.7,1.0,1.0,38.2,64.2,98.5,98.4,0.0,34.9,92.4,73.5,47.0,28.1,23.5,40.2,100.0,11.1,,11.1,,34.4,31.2,32.4,,34.6,11.2,63.9,55.4,91.4,49.9,30.4,69.3,39.8,39.8,0.0,0.0
108,29.4,Mali,Sub-Saharan Africa,20250834,17465392916,19.5,29.2,45.6,6.8,28.7,8.2,8.3,8.2,32.5,32.5,0.0,0.0,36.0,59.6,39.9,68.0,,11.4,97.0,84.6,67.9,23.4,19.3,58.1,63.7,,,,,26.3,20.6,30.4,,25.6,44.2,25.1,36.8,73.0,49.9,52.0,47.7,43.4,43.4,0.0,0.0
64,29.1,Guinea-Bissau,Sub-Saharan Africa,1967998,1431758243,15.1,22.1,32.8,6.4,29.2,6.7,7.0,6.5,28.5,28.5,0.0,0.0,38.4,72.2,90.9,99.4,59.3,28.7,69.4,73.3,51.3,22.1,16.0,54.6,100.0,5.2,3.5,6.9,,33.6,24.5,47.8,,44.3,56.4,14.0,42.1,85.1,56.1,63.7,48.5,27.5,27.5,0.0,0.0
14,29.0,Bangladesh,Southern Asia,164689383,323056957972,22.4,20.2,24.2,16.0,9.2,27.3,28.0,26.8,23.2,23.2,5.0,5.0,33.5,46.8,18.2,88.9,29.9,4.7,92.7,52.2,44.7,22.8,20.3,47.3,44.5,19.6,34.5,12.1,11.0,35.6,19.7,65.0,,56.6,51.0,29.1,62.2,89.7,15.3,4.8,25.7,49.9,49.9,0.0,0.0
171,28.9,Vanuatu,Asia-Pacific,307150,881547929,26.7,28.6,42.2,5.9,59.1,21.5,21.7,21.3,45.6,45.6,31.4,31.4,30.4,30.0,24.1,24.1,0.1,10.6,99.0,23.0,70.5,49.7,47.0,100.0,,26.4,7.6,11.2,66.2,32.0,19.1,67.2,,61.0,37.5,2.7,29.4,68.3,16.4,7.3,25.5,33.0,33.0,0.0,0.0
44,28.1,Djibouti,Sub-Saharan Africa,988002,3384385217,20.1,21.1,16.7,25.0,38.2,18.3,18.6,18.1,46.2,46.2,0.0,0.0,33.4,23.0,7.8,7.8,1.8,7.6,90.9,32.9,64.3,73.9,,47.8,100.0,6.2,,6.2,,40.1,23.8,57.6,,66.1,64.2,,100.0,74.8,55.5,70.0,41.0,15.7,15.7,0.0,0.0
97,28.0,Lesotho,Sub-Saharan Africa,2142252,1875227642,11.8,15.3,18.8,10.0,18.9,7.2,7.4,7.1,25.0,25.0,0.0,0.0,38.8,22.5,1.4,1.4,,10.6,94.3,26.2,43.5,47.3,44.0,54.0,100.0,,,,,52.4,42.6,78.1,,89.1,47.0,26.7,54.4,70.5,44.0,43.3,44.7,27.4,27.4,0.3,0.3
63,27.9,Gambia,Sub-Saharan Africa,2416664,1868086275,21.4,23.9,32.7,10.5,33.3,19.1,19.6,18.9,37.1,37.1,0.0,0.0,32.1,32.6,23.2,31.7,0.0,30.1,90.1,48.3,47.5,41.1,40.7,33.7,55.6,10.6,,7.5,14.2,35.8,24.0,52.3,,78.9,42.6,57.7,25.6,93.8,53.9,55.9,51.8,36.1,36.1,0.1,0.1
114,27.7,Mauritania,Sub-Saharan Africa,4649660,7913680231,20.0,22.4,22.0,19.8,47.7,13.6,13.7,13.4,55.8,55.8,12.5,12.5,32.8,19.2,3.6,3.0,0.1,4.6,94.5,1.4,78.0,97.2,100.0,53.6,90.9,7.8,14.7,4.2,3.9,32.6,21.5,32.6,88.7,35.7,41.5,0.0,33.7,58.6,49.2,55.1,43.4,39.7,39.7,0.0,0.0
61,27.6,Ghana,Sub-Saharan Africa,31072945,68532281806,20.1,18.0,17.1,17.8,29.2,20.8,21.5,20.3,55.3,55.3,0.0,0.0,32.6,58.9,78.9,84.3,1.1,38.8,84.5,88.9,48.4,15.4,13.7,43.8,17.0,9.0,6.9,11.2,,29.6,10.6,33.5,89.6,37.7,41.9,44.4,48.4,89.9,31.5,45.1,17.8,41.0,41.0,0.0,0.0
75,27.6,India,Southern Asia,1380004385,2660245248868,16.3,13.4,10.9,18.6,0.0,19.4,21.4,18.1,21.0,21.0,16.1,16.1,35.2,33.7,28.2,37.0,1.2,8.7,85.9,63.0,46.3,33.8,31.8,47.8,55.0,16.9,17.0,19.9,13.1,45.0,28.1,68.3,91.0,56.8,32.2,40.0,62.2,66.5,37.1,42.4,31.8,34.7,34.7,2.2,2.2
10,27.0,Burundi,Sub-Saharan Africa,11890781,2841786382,21.9,36.0,57.9,7.4,24.1,5.3,5.4,5.2,35.8,35.8,0.0,0.0,30.5,52.3,46.7,46.7,,25.3,90.7,67.1,48.5,34.7,32.7,66.5,39.2,,,,,16.8,4.3,26.6,,39.8,41.3,47.0,20.8,100.0,45.7,45.2,46.2,37.0,37.0,0.0,0.0
72,27.0,Haiti,Latin America & Caribbean,11402533,14508218017,21.8,31.1,47.5,7.8,37.1,14.0,14.4,13.8,12.1,12.1,0.9,0.9,30.5,34.5,38.3,53.7,6.9,30.9,44.1,31.1,41.0,26.2,22.8,67.9,46.4,16.7,18.9,14.5,,37.0,34.8,29.5,,60.7,45.7,41.6,23.2,86.4,23.8,36.9,10.6,31.4,31.4,0.0,0.0
154,26.7,Chad,Sub-Saharan Africa,16425859,10829076802,14.9,26.8,42.4,5.3,28.4,0.0,0.0,0.0,29.1,29.1,0.0,0.0,34.6,69.0,68.1,77.4,,19.2,91.3,83.3,67.0,22.2,18.6,52.1,57.0,,,,,17.4,20.7,0.0,,0.0,43.5,37.6,0.0,46.5,54.7,57.6,51.7,38.7,38.7,0.0,0.0
143,26.7,Solomon Islands,Asia-Pacific,686878,1545888426,20.4,27.0,40.1,0.0,100.0,14.0,13.6,14.3,25.5,25.5,0.0,0.0,30.9,15.3,1.6,1.6,0.8,6.2,62.5,0.0,76.2,25.5,25.5,,,31.8,9.2,18.7,73.3,45.0,41.9,43.8,,47.8,63.9,16.7,48.4,100.0,57.5,78.4,36.6,8.6,8.6,0.0,0.0
103,26.5,Madagascar,Sub-Saharan Africa,27691019,13056079982,22.1,36.1,56.4,7.4,41.5,5.9,5.7,6.0,33.0,33.0,0.6,0.6,29.4,25.0,32.3,29.1,7.0,17.4,0.0,48.6,46.7,14.6,9.2,70.2,55.5,11.8,13.7,9.9,,39.9,12.6,86.1,89.7,67.1,49.9,26.1,47.8,89.4,40.5,41.6,39.4,50.5,50.5,0.0,0.0
62,26.4,Guinea,Sub-Saharan Africa,13132792,15681050917,18.6,24.7,37.8,6.1,30.0,11.2,11.7,10.9,32.9,32.9,2.5,2.5,31.5,59.9,99.7,88.2,0.0,18.3,83.1,71.6,50.5,11.5,9.4,9.4,50.4,14.4,28.1,11.6,1.7,26.8,30.2,5.2,,19.0,42.0,0.0,36.7,72.7,30.0,18.3,41.6,35.0,35.0,0.0,0.0
32,25.8,Cote d'Ivoire,Sub-Saharan Africa,26378275,61348579465,19.4,20.3,25.9,10.6,36.3,17.2,17.7,16.9,44.9,44.9,2.1,2.1,30.1,62.0,100.0,98.1,1.0,45.1,32.3,95.1,49.6,15.7,11.8,46.3,55.2,16.9,10.2,23.6,,20.2,6.6,40.4,,42.6,15.2,44.3,43.5,91.7,31.8,40.4,23.3,32.0,32.0,0.6,0.6
144,25.7,Sierra Leone,Sub-Saharan Africa,7976985,4063289450,19.1,25.1,37.3,7.0,36.9,11.5,11.7,11.4,37.4,37.4,0.0,0.0,30.2,52.9,54.5,92.9,6.0,14.8,77.9,80.9,48.8,9.6,3.8,63.6,58.7,18.7,31.1,6.4,,24.9,7.9,26.4,89.4,14.9,52.8,0.0,36.4,99.3,40.1,49.3,30.9,42.7,42.7,0.0,0.0
0,25.5,Afghanistan,Southern Asia,38928341,20116137326,20.0,17.7,25.4,7.3,16.9,28.0,28.5,27.7,0.0,0.0,0.0,0.0,29.2,21.9,0.6,1.3,,5.0,90.7,18.0,57.7,93.6,95.0,60.9,100.0,,,,,22.2,0.0,66.1,,34.1,15.7,100.0,50.6,100.0,0.0,0.0,0.0,51.0,51.0,0.0,0.0
110,25.1,Myanmar,Asia-Pacific,54409794,79852046611,24.6,20.7,27.0,12.3,18.3,30.8,32.3,29.9,38.2,38.2,0.0,0.0,25.4,31.0,31.4,15.5,3.6,16.7,67.9,69.3,54.8,25.9,23.4,55.1,41.2,9.4,12.6,9.5,5.7,22.2,0.0,65.0,,28.4,62.1,12.2,73.2,70.6,50.7,51.8,49.6,53.7,53.7,0.0,0.0
94,22.6,Liberia,Sub-Saharan Africa,5057677,3201187800,21.3,30.9,43.7,11.4,45.7,9.8,10.5,9.4,37.3,37.3,0.0,0.0,23.6,32.6,21.3,55.7,1.0,17.2,42.0,53.7,57.2,14.6,11.2,36.9,53.4,10.6,16.0,11.7,3.1,24.9,6.9,29.7,89.3,35.0,38.6,3.4,28.5,100.0,32.7,48.9,16.6,26.2,26.2,0.0,0.0
